{
  "schema_version": "agreement_report_human_strict_all_v1",
  "n_rows": 274,
  "n_unique_instance_ids": 84,
  "n_systems": 4,
  "n_mapped_from_canonical": 0,
  "n_direct_human": 274,
  "n_direct_adjudicated": 274,
  "ordinal_metrics": {
    "semantic_faithfulness": {
      "linear_weighted_kappa": 0.8400000000000003,
      "quadratic_weighted_kappa": 0.8555867884750517,
      "krippendorff_alpha": 0.8555296805659299,
      "gwet_ac1": 0.8308272127394107,
      "gwet_ac2": 0.8399493757149467,
      "raw_agreement": 0.9124087591240876
    },
    "code_consistency": {
      "linear_weighted_kappa": 0.847472723224225,
      "quadratic_weighted_kappa": 0.8474727232242274,
      "krippendorff_alpha": 0.8473962684489,
      "gwet_ac1": 0.8473962684488995,
      "gwet_ac2": 0.8473962684488981,
      "raw_agreement": 0.9817518248175182
    },
    "proof_utility": {
      "linear_weighted_kappa": 0.8714741384701981,
      "quadratic_weighted_kappa": 0.8762867979050015,
      "krippendorff_alpha": 0.876195496648844,
      "gwet_ac1": 0.8687467066920018,
      "gwet_ac2": 0.8767403675296338,
      "raw_agreement": 0.9452554744525548
    }
  },
  "vacuity_agreement": {
    "percent_agreement": 0.9817518248175182,
    "kappa": 0.0,
    "gwet_ac1": -0.009208103130759305
  },
  "coverage_agreement": {
    "percent_agreement": 0.9525547445255474,
    "kappa": 0.9235409019683603,
    "gwet_ac1": 0.9234019676361485
  },
  "confusion_matrices": {
    "semantic_faithfulness": {
      "0": {
        "0": 0,
        "1": 0,
        "2": 0,
        "3": 0
      },
      "1": {
        "0": 0,
        "1": 7,
        "2": 1,
        "3": 0
      },
      "2": {
        "0": 0,
        "1": 6,
        "2": 146,
        "3": 8
      },
      "3": {
        "0": 0,
        "1": 0,
        "2": 9,
        "3": 97
      }
    },
    "code_consistency": {
      "0": {
        "0": 0,
        "1": 0,
        "2": 0,
        "3": 0
      },
      "1": {
        "0": 0,
        "1": 0,
        "2": 0,
        "3": 0
      },
      "2": {
        "0": 0,
        "1": 0,
        "2": 15,
        "3": 1
      },
      "3": {
        "0": 0,
        "1": 0,
        "2": 4,
        "3": 254
      }
    },
    "proof_utility": {
      "0": {
        "0": 0,
        "1": 0,
        "2": 0,
        "3": 0
      },
      "1": {
        "0": 3,
        "1": 188,
        "2": 9,
        "3": 0
      },
      "2": {
        "0": 0,
        "1": 1,
        "2": 71,
        "3": 2
      },
      "3": {
        "0": 0,
        "1": 0,
        "2": 0,
        "3": 0
      }
    }
  },
  "disagreement_counts": {
    "by_metric": {
      "coverage_label": 13,
      "semantic_faithfulness": 24,
      "vacuity_label": 5,
      "code_consistency": 5,
      "proof_utility": 15
    },
    "by_system": {
      "full_method_v1": 20,
      "naive_concat_v1": 16,
      "code_only_v1": 14,
      "text_only_v1": 12
    },
    "by_family": {
      "arrays_binary_search": 3,
      "arrays_max_subarray": 3,
      "dp_knapsack_01": 5,
      "dp_longest_common_subsequence": 6,
      "graph_bfs_shortest_path": 8,
      "graph_dijkstra": 10,
      "greedy_coin_change_canonical": 8,
      "greedy_interval_scheduling": 6,
      "sorting_insertion_sort": 2,
      "sorting_merge_sort": 1,
      "trees_bst_insert": 5,
      "trees_lowest_common_ancestor": 5
    }
  },
  "disagreement_examples": [
    {
      "anonymized_packet_key": "hs_013",
      "instance_id": "arrays_binary_search_004",
      "system_id": "full_method_v1",
      "metric": "coverage_label",
      "rater_a": "full",
      "rater_b_human": "partial",
      "adjudicated_resolution": "partial",
      "resolution_reason": "Coverage derived from disjoint covered/partial/missing sets; unresolved missing unit prevents full label.",
      "source_evidence": "covered_units/partial_units/missing_units coherence checks",
      "specific_obligation_index": "0",
      "semantic_unit_ids": "SU1|SU2|SU3",
      "reference_obligation_ids": "obl_001|obl_002|obl_003",
      "adjudicator_id": "adjudicator_v3"
    },
    {
      "anonymized_packet_key": "hs_018",
      "instance_id": "arrays_binary_search_006",
      "system_id": "full_method_v1",
      "metric": "semantic_faithfulness",
      "rater_a": "1",
      "rater_b_human": "2",
      "adjudicated_resolution": "1",
      "resolution_reason": "Semantic-unit linkage differs across raters; adjudication keeps lower faithfulness where SU evidence is incomplete.",
      "source_evidence": "generated_obligations + linked_semantic_units + critical_semantic_units",
      "specific_obligation_index": "0",
      "semantic_unit_ids": "SU1|SU2|SU3",
      "reference_obligation_ids": "obl_001|obl_002|obl_003",
      "adjudicator_id": "adjudicator_v3"
    },
    {
      "anonymized_packet_key": "hs_021",
      "instance_id": "arrays_binary_search_007",
      "system_id": "full_method_v1",
      "metric": "coverage_label",
      "rater_a": "full",
      "rater_b_human": "partial",
      "adjudicated_resolution": "partial",
      "resolution_reason": "Coverage derived from disjoint covered/partial/missing sets; unresolved missing unit prevents full label.",
      "source_evidence": "covered_units/partial_units/missing_units coherence checks",
      "specific_obligation_index": "0",
      "semantic_unit_ids": "SU1|SU2|SU3",
      "reference_obligation_ids": "obl_001|obl_002|obl_003",
      "adjudicator_id": "adjudicator_v3"
    },
    {
      "anonymized_packet_key": "hs_025",
      "instance_id": "arrays_max_subarray_001",
      "system_id": "naive_concat_v1",
      "metric": "vacuity_label",
      "rater_a": "non_vacuous",
      "rater_b_human": "vacuous",
      "adjudicated_resolution": "vacuous",
      "resolution_reason": "At least one obligation is tautological/detached; adjudication retains vacuous flag.",
      "source_evidence": "generated_obligations text and vacuity rubric",
      "specific_obligation_index": "0",
      "semantic_unit_ids": "SU1",
      "reference_obligation_ids": "obl_001",
      "adjudicator_id": "adjudicator_v3"
    },
    {
      "anonymized_packet_key": "hs_033",
      "instance_id": "arrays_max_subarray_003",
      "system_id": "naive_concat_v1",
      "metric": "semantic_faithfulness",
      "rater_a": "2",
      "rater_b_human": "3",
      "adjudicated_resolution": "2",
      "resolution_reason": "Semantic-unit linkage differs across raters; adjudication keeps lower faithfulness where SU evidence is incomplete.",
      "source_evidence": "generated_obligations + linked_semantic_units + critical_semantic_units",
      "specific_obligation_index": "0",
      "semantic_unit_ids": "SU1",
      "reference_obligation_ids": "obl_001",
      "adjudicator_id": "adjudicator_v3"
    },
    {
      "anonymized_packet_key": "hs_041",
      "instance_id": "arrays_max_subarray_006",
      "system_id": "full_method_v1",
      "metric": "semantic_faithfulness",
      "rater_a": "3",
      "rater_b_human": "2",
      "adjudicated_resolution": "2",
      "resolution_reason": "Semantic-unit linkage differs across raters; adjudication keeps lower faithfulness where SU evidence is incomplete.",
      "source_evidence": "generated_obligations + linked_semantic_units + critical_semantic_units",
      "specific_obligation_index": "0",
      "semantic_unit_ids": "SU1|SU2|SU3",
      "reference_obligation_ids": "obl_001|obl_002|obl_003",
      "adjudicator_id": "adjudicator_v3"
    },
    {
      "anonymized_packet_key": "hs_051",
      "instance_id": "dp_knapsack_01_002",
      "system_id": "full_method_v1",
      "metric": "semantic_faithfulness",
      "rater_a": "2",
      "rater_b_human": "3",
      "adjudicated_resolution": "2",
      "resolution_reason": "Semantic-unit linkage differs across raters; adjudication keeps lower faithfulness where SU evidence is incomplete.",
      "source_evidence": "generated_obligations + linked_semantic_units + critical_semantic_units",
      "specific_obligation_index": "0",